Date,From,To,F1,F2,F3,Output1,Output2
5/22/2018,6:20:12,6:23:00,-0.575664627,1.999267398,-0.375573273,500,3
5/22/2018,6:23:12,6:26:00,-0.259506423,1.523251646,0.186488435,500,3
5/22/2018,6:26:12,6:29:00,0.477279652,0.89225402,0.614144082,500,3
5/22/2018,6:29:12,6:32:00,-0.174281168,1.169007365,0.406425625,500,3
5/22/2018,6:32:12,6:35:00,0.331571958,1.157937231,0.736331409,500,3
5/22/2018,6:35:12,6:38:00,0.405800406,1.025095626,0.907393668,500,3
5/22/2018,6:38:12,6:41:00,-0.105551123,0.62657081,0.724112677,500,3
5/22/2018,6:41:12,6:44:00,0.136378633,1.036165759,0.944049867,500,3
5/22/2018,6:44:12,6:47:00,0.221603888,0.726202014,0.919612401,500,3
5/22/2018,6:47:12,6:50:00,-0.025824272,1.014025492,0.846300004,500,3
5/22/2018,6:50:12,6:53:00,0.746701426,0.881183887,1.273955651,500,3
5/22/2018,6:53:12,6:56:00,0.735704619,0.781552683,1.212861988,500,3
5/22/2018,6:56:12,6:59:00,0.491025661,0.526939606,1.457236643,500,3
5/22/2018,6:59:12,7:02:00,0.570752513,0.814763084,1.6649551,500,3
5/22/2018,7:02:12,7:05:00,1.076605639,0.681921479,1.53054904,500,3
5/22/2018,7:05:12,7:08:00,1.051862823,1.113656696,1.994860885,500,3
5/22/2018,7:08:12,7:11:00,0.609241338,0.903324154,1.420580445,500,3
5/22/2018,7:11:12,7:14:00,0.801685462,1.180077499,1.848236092,500,3
5/22/2018,7:14:12,7:17:00,0.600993732,1.202217766,1.958204687,500,3
5/22/2018,7:17:12,7:20:00,0.697215794,0.759412415,1.823798626,500,3
5/22/2018,7:20:12,7:23:00,1.49723351,0.859043619,2.520266394,500,3
5/22/2018,7:23:12,7:26:00,0.568003311,0.770482549,1.811579893,500,3
5/22/2018,7:26:12,7:29:00,0.787939453,1.014025492,2.483610196,500,3
5/22/2018,7:29:12,7:32:00,1.013373998,1.002955358,2.129266945,500,3
5/22/2018,7:32:12,7:35:00,0.941894752,0.936534555,2.349204135,500,3
5/22/2018,7:35:12,7:38:00,0.862167901,1.12472683,2.373641601,500,3
5/22/2018,7:38:12,7:41:00,0.895158322,1.058306027,2.055954549,500,3
5/22/2018,7:41:12,7:44:00,0.771444242,1.202217766,2.055954549,500,3
5/22/2018,7:44:12,7:47:00,1.087602446,0.89225402,2.410297799,500,3
5/22/2018,8:15:44,8:18:36,0.136378633,0.549079873,0.663019013,300,3
5/22/2018,8:18:44,8:21:36,0.394803599,0.748342281,0.992924798,300,3
5/22/2018,8:21:44,8:24:36,1.219564131,0.515869472,1.261736919,300,3
5/22/2018,8:24:48,8:27:36,1.049113621,0.62657081,1.982642152,520,3
5/22/2018,8:27:48,8:30:36,0.62848575,0.526939606,1.811579893,520,3
5/22/2018,8:30:48,8:33:36,1.634693599,0.504799338,1.677173833,520,3
5/22/2018,8:33:48,8:36:36,1.964597812,0.659781211,2.434735265,520,3
5/22/2018,8:36:48,8:39:36,1.010624796,0.648711077,2.141485678,520,3
5/22/2018,8:39:46,8:41:46,1.040866016,1.62288285,1.335049315,400,2
5/22/2018,8:41:46,8:43:36,0.914402734,1.877495926,1.616080169,400,2
5/22/2018,8:43:46,8:45:36,0.677971382,1.47897111,1.273955651,400,2
5/22/2018,8:45:48,8:47:48,1.332281404,1.97712713,1.909329756,500,2
5/22/2018,8:47:48,8:49:36,1.607201581,2.541703953,1.799361161,500,2
5/22/2018,8:49:48,8:51:36,1.387265439,2.696685826,1.677173833,500,2
5/22/2018,8:51:48,8:53:48,0.732955417,2.630265023,1.628298902,500,2
5/22/2018,8:53:48,8:55:36,0.840174286,2.70775596,1.542767772,500,2
5/22/2018,8:55:48,8:57:36,0.524016083,2.652405291,1.31061185,500,2
5/22/2018,8:57:48,8:59:48,1.054612025,2.287090876,1.322830583,500,2
5/22/2018,8:59:48,9:01:36,1.159081692,2.043547933,1.237299453,500,2
5/22/2018,9:01:48,9:03:36,0.471781249,2.198529806,1.22508072,500,2
5/22/2018,9:03:46,9:05:36,0.842923488,1.744654321,1.335049315,400,2
5/22/2018,9:05:48,9:08:36,0.532263688,0.881183887,1.726048764,520,3
5/22/2018,9:08:48,9:11:36,0.7054634,0.748342281,1.811579893,520,3
5/22/2018,9:11:48,9:14:36,1.106846858,1.036165759,1.982642152,520,3
5/22/2018,9:14:48,9:17:36,1.032618411,0.681921479,2.153704411,520,3
5/22/2018,9:17:48,9:20:36,0.980383577,0.460518803,2.251454273,520,3
5/22/2018,9:20:46,9:22:36,1.49723351,1.39041004,1.44501791,400,2
5/22/2018,9:22:46,9:24:36,1.304789386,1.467900977,1.31061185,400,2
5/22/2018,9:24:46,9:26:36,1.332281404,1.80000499,1.31061185,400,2
5/22/2018,9:26:48,9:28:36,0.570752513,2.043547933,4.5730135,500,2
5/22/2018,9:28:48,9:30:36,0.950142357,1.523251646,1.09067466,500,2
5/22/2018,9:30:48,9:32:48,0.851171094,3.759418668,1.249518186,500,2
5/22/2018,9:32:48,9:34:36,0.521266881,1.932846595,0.907393668,500,2
5/22/2018,9:34:48,9:36:36,0.416797213,1.755724455,0.846300004,500,2
5/22/2018,9:36:42,9:44:36,0.229851493,-0.476014514,0.565269151,200,15
5/22/2018,9:51:42,9:55:36,0.991380384,-0.991882748,0.162050969,200,4
5/22/2018,9:55:42,9:59:36,0.414048012,-0.328781735,0.748550142,200,4
5/22/2018,9:59:47,10:02:38,0.911653533,0.061993987,1.054018462,360,3
5/22/2018,10:02:47,10:05:38,0.485527258,0.061993987,1.09067466,360,3
5/22/2018,10:05:47,10:08:38,0.606492136,-0.299999387,0.968487332,360,3
5/22/2018,10:08:50,10:11:38,0.427794021,-0.104058019,0.956268599,520,3
5/22/2018,10:11:50,10:14:38,0.658726969,-0.269003013,1.408361712,520,3
5/22/2018,10:14:50,10:17:38,0.482778056,-0.344279922,1.212861988,520,3
5/22/2018,10:17:47,10:20:38,0.469032047,-0.323246668,0.760768875,360,3
5/22/2018,10:20:47,10:23:38,0.33432116,-0.532472197,0.455300556,360,3
5/22/2018,10:23:47,10:26:38,-0.168782764,-0.654243668,0.174269702,360,3
5/22/2018,10:26:44,10:34:38,0.529514486,-0.974170534,0.052082374,200,15
5/22/2018,10:41:47,10:44:38,1.126091271,-0.650922628,1.335049315,360,3
5/22/2018,10:45:53,10:49:46,0.166619852,-0.823616715,0.272019564,280,4
5/22/2018,10:49:53,10:53:46,-0.226516001,-0.944281173,0.088738573,280,4
5/22/2018,10:53:53,10:57:46,0.232600695,-0.891144531,-0.021230022,280,4
5/22/2018,10:57:53,11:01:46,0.622987346,-1.012916002,0.345331961,280,4
5/22/2018,11:01:52,11:05:46,1.607201581,-0.958672347,-0.376795146,200,4
5/22/2018,11:05:52,11:09:46,0.001667746,-0.907749732,-0.045667488,200,4
5/22/2018,11:09:52,11:13:46,0.2408483,-1.037270297,0.100957305,200,4
5/22/2018,11:13:52,11:17:46,-0.122046334,-0.973063521,-0.228948479,200,4
5/22/2018,11:17:54,11:20:46,-0.297995248,-0.876753357,-0.131198617,300,3
5/22/2018,11:20:54,11:23:46,0.020912158,-0.978598588,0.07651984,300,3
5/22/2018,11:23:54,11:26:46,-0.174281168,-0.886716477,-0.118979885,300,3
5/22/2018,11:26:52,11:34:46,-0.388718906,-1.121403313,-0.290042143,200,15
5/22/2018,11:41:53,11:45:46,-0.00657986,-1.067159658,0.223144633,280,4
5/22/2018,11:45:53,11:49:46,-0.531677398,-1.077122778,-0.314479609,280,4
5/22/2018,11:49:53,11:53:46,-0.047817886,-1.060517578,0.100957305,280,4
5/22/2018,11:53:52,11:57:46,-0.479442565,-1.124724354,-0.44522005,200,4
5/22/2018,11:57:52,12:01:46,-0.548172609,-1.121403313,-0.684707212,200,4
5/22/2018,12:01:52,12:05:46,-0.259506423,-1.150116186,-0.290042143,200,4
5/22/2018,12:05:52,12:13:46,-0.561918618,-1.146330302,-0.495316854,200,15
5/22/2018,12:20:52,12:24:46,0.466282845,-1.083764859,-0.302260876,200,4
5/22/2018,12:24:52,12:28:46,-0.517931389,-1.111440193,-0.600397956,200,4
5/22/2018,12:28:52,12:32:46,-0.630648662,-1.144650594,-0.79589768,200,4
5/22/2018,12:32:52,12:36:46,0.108886615,-1.128045394,-0.415895091,200,4
5/22/2018,12:36:52,12:40:46,-0.333734871,-1.148293528,-0.71403217,200,4
5/22/2018,12:40:52,12:48:46,-0.234763607,-1.147275785,-0.475766881,200,15
5/22/2018,12:55:52,12:59:46,0.323324353,-1.139115527,-0.814225779,200,4
5/22/2018,12:59:52,13:03:46,0.67522218,-1.121403313,-0.402454485,200,4
5/22/2018,13:03:52,13:07:46,-0.259506423,-1.135794487,-0.660269746,200,4
5/22/2018,13:07:52,13:11:46,-0.080808308,-1.093727979,-0.822778892,200,4
5/22/2018,13:11:52,13:15:46,1.115094464,-1.133580461,-0.58695735,200,4
5/22/2018,13:15:52,13:23:46,0.804434663,-1.151476337,-0.842328865,200,15
5/22/2018,13:30:52,13:34:46,-0.927562454,-1.112547206,-0.924194374,200,4
5/22/2018,13:34:52,13:42:46,-0.864330813,-1.142436568,-0.791010187,200,30
5/22/2018,14:04:54,14:08:48,-0.61140425,-1.090406939,-0.783678947,200,4
5/22/2018,14:08:54,14:16:48,-0.674635891,-1.125831367,-0.670044733,200,30
5/22/2018,14:38:54,14:42:48,-0.699378706,-1.077122778,-0.888760049,200,4
5/22/2018,14:42:54,14:50:48,-0.638896267,-1.088192912,-0.808116413,200,30
5/22/2018,15:12:54,15:16:48,-0.911067243,-1.011808989,-1.046381702,200,4
5/22/2018,15:16:54,15:24:48,-0.047817886,-1.101477073,-0.751910242,200,30
5/22/2018,15:46:56,15:50:50,-0.79834997,-0.990775735,-0.968181812,200,4
5/22/2018,15:50:56,15:54:50,-0.908318041,-0.935425066,-0.904644402,200,4
5/22/2018,15:54:56,16:02:50,-0.820343584,-1.054982511,-0.954741206,200,30
5/22/2018,16:24:56,16:28:50,-0.669137487,-0.978598588,-0.824000765,200,4
5/22/2018,16:28:56,16:32:50,-0.724121522,-1.002952882,-0.771460215,200,4
5/22/2018,16:32:56,16:36:50,0.774193444,-0.852399063,-0.487985614,200,4
5/22/2018,16:36:56,16:40:50,-0.424458529,-0.975277548,-0.468435642,200,4
5/22/2018,16:40:56,16:44:50,-0.314490458,-0.895572584,-0.556410518,200,4
5/22/2018,16:44:56,16:52:50,-0.616902653,-0.998524828,-0.373129526,200,15
5/22/2018,16:59:56,17:03:50,-0.523429793,-0.870111277,-0.612616688,200,4
5/22/2018,17:03:56,17:07:50,-0.232014405,-0.790406314,-0.14341735,200,4
5/22/2018,17:07:56,17:11:50,-0.124795536,-0.747232792,-0.349913934,200,4
5/22/2018,17:11:57,17:15:50,-0.02307507,-0.751660845,0.125394771,280,4
5/22/2018,17:15:57,17:19:50,-0.284249239,-0.665313802,-0.253385945,280,4
5/22/2018,17:19:57,17:23:50,-0.058814693,-0.706273297,-0.070104953,280,4
5/22/2018,17:23:56,17:27:50,0.315076748,-0.611070146,-0.033448755,200,4
5/22/2018,17:27:56,17:31:50,0.133629431,-0.54354233,-0.106761152,200,4
5/22/2018,17:31:56,17:35:50,0.232600695,-0.464944381,0.162050969,200,4
5/22/2018,17:35:58,17:38:50,0.125381825,-0.322139655,0.333113228,300,3
5/22/2018,17:38:58,17:41:50,0.386555994,-0.29778536,0.601925349,300,3
5/22/2018,17:41:58,17:44:50,0.694466592,-0.070847618,0.699675211,300,3
5/22/2018,17:44:58,17:47:50,0.414048012,-0.156087648,0.699675211,300,3
5/22/2018,17:48:01,17:50:50,0.573501714,-0.565682598,1.347268048,450,3
5/22/2018,17:51:01,17:53:50,0.958389963,-0.684133029,1.554986505,450,3
5/22/2018,17:54:01,17:56:50,0.521266881,-0.640959508,1.432799177,450,3
5/22/2018,17:57:01,17:59:50,0.521266881,-0.601107026,1.286174384,450,3
5/22/2018,18:00:02,18:02:50,0.653228566,-0.627675347,1.518330307,520,3
5/22/2018,18:03:02,18:05:50,0.595495329,-0.638745481,1.774923695,520,3
5/22/2018,18:06:02,18:08:50,1.043615218,-0.674169909,1.774923695,520,3
5/22/2018,18:09:02,18:11:50,0.826428278,-0.647601588,1.689392566,520,3
5/22/2018,18:12:02,18:14:50,1.087602446,-0.740590712,1.958204687,520,3
5/22/2018,18:15:02,18:17:50,1.06285963,0.969744957,3.742139671,520,3
5/22/2018,18:18:12,18:21:02,1.359773422,0.870113753,1.848236092,400,3
5/22/2018,18:21:12,18:24:02,1.082104043,0.681921479,1.53054904,400,3
5/22/2018,18:24:12,18:27:02,0.950142357,0.759412415,1.823798626,400,3
5/22/2018,18:27:14,18:29:02,0.911653533,1.2132879,1.762704962,500,2
5/22/2018,18:29:14,18:31:02,1.183824508,1.191147632,1.799361161,500,2
5/22/2018,18:31:14,18:33:02,0.743952224,1.379339906,1.823798626,500,2
5/22/2018,18:33:08,18:41:02,2.95431045,0.460518803,0.882956203,200,15
5/22/2018,18:48:08,18:52:02,0.570752513,0.582290275,0.87073747,200,4
5/22/2018,18:52:08,18:56:02,0.933647147,0.416238268,0.369769426,200,4
5/22/2018,18:56:11,18:59:02,0.122632624,0.71513188,0.882956203,360,3
5/22/2018,18:59:11,19:02:02,0.397552801,0.71513188,1.054018462,360,3
5/22/2018,19:02:11,19:05:02,0.150124641,0.659781211,0.785206341,360,3
5/22/2018,19:05:13,19:08:02,1.442249475,0.748342281,1.335049315,450,3
5/22/2018,19:08:13,19:11:02,-0.017576667,0.859043619,0.785206341,450,3
5/22/2018,19:11:13,19:14:02,0.301330739,0.681921479,1.078455927,450,3
5/22/2018,19:14:11,19:17:02,0.19411187,0.681921479,0.846300004,360,3
5/22/2018,19:17:11,19:20:02,0.064899386,0.604430542,0.956268599,360,3
5/22/2018,19:20:11,19:23:02,0.397552801,0.681921479,0.736331409,360,3
5/22/2018,19:23:11,19:26:02,-0.10005272,0.692991612,0.553050418,360,3
5/22/2018,19:26:11,19:29:02,-0.075309904,0.781552683,0.711893944,360,3
5/22/2018,19:29:13,19:32:02,-0.039570281,0.726202014,1.041799729,450,3
5/22/2018,19:32:13,19:35:02,0.004416947,0.836903351,0.882956203,450,3
5/22/2018,19:35:13,19:38:02,-0.171531966,0.737272148,0.87073747,450,3
5/22/2018,19:38:09,19:42:02,-0.179779571,0.582290275,0.51639422,280,4
5/22/2018,19:42:09,19:46:02,0.397552801,0.670851345,0.528612952,280,4
5/22/2018,19:46:09,19:50:02,0.532263688,0.748342281,0.601925349,280,4
5/22/2018,19:50:11,19:53:02,0.271089519,0.903324154,0.760768875,360,3
5/22/2018,19:53:11,19:56:02,0.370060783,0.881183887,0.760768875,360,3
5/22/2018,19:56:11,19:59:02,2.019581847,0.870113753,0.797425073,360,3
5/22/2018,19:59:11,20:02:02,0.053902579,0.814763084,0.834081272,360,3
5/22/2018,20:02:11,20:05:02,0.166619852,0.825833218,0.895174936,360,3
5/22/2018,20:05:15,20:08:04,3.174246592,1.202217766,3.070109369,450,3
5/22/2018,20:08:15,20:11:04,-0.465696556,1.678233518,-0.204511014,450,3
5/22/2018,20:11:15,20:14:04,-0.641645469,0.89225402,-1.026831729,450,3
5/22/2018,20:14:15,20:17:04,0.383806792,0.560150007,-1.138022198,450,3
5/22/2018,20:17:10,20:25:04,0.342568766,0.150555057,-0.982844291,200,15
5/22/2018,20:32:10,20:36:04,-0.575664627,0.526939606,-0.390235752,200,4
5/22/2018,20:36:10,20:40:04,-0.65814068,0.515869472,-0.314479609,200,4
5/22/2018,20:40:10,20:44:04,-0.292496844,0.050923853,-0.070104953,200,4
5/22/2018,20:44:10,20:48:04,3.421674751,0.30553693,-0.14341735,200,4
5/22/2018,20:48:10,20:52:04,-0.515182188,0.150555057,0.027644909,200,4
5/22/2018,20:52:12,20:55:04,-0.405214117,0.704061746,-0.180073548,300,3
5/22/2018,20:55:12,20:58:04,-0.666388285,0.737272148,-0.56862925,300,3
5/23/2018,6:00:24,6:03:16,-1.001790902,-0.522509076,-0.701813438,300,3
5/23/2018,6:03:24,6:06:16,-0.625150259,-0.371955257,-0.357245174,300,3
5/23/2018,6:06:24,6:09:16,-0.182528773,-0.354243043,-0.131198617,300,3
5/23/2018,6:09:23,6:13:16,-0.322738064,-0.482656595,-0.045667488,280,4
5/23/2018,6:13:23,6:17:16,-0.297995248,-0.557933504,0.235363366,280,4
5/23/2018,6:17:23,6:21:16,-0.314490458,0.161625191,0.137613504,280,4
5/23/2018,6:21:23,6:25:16,-0.221017598,0.12841479,-0.338917074,280,4
5/23/2018,6:25:23,6:29:16,-0.163284361,0.139484924,-0.00901129,280,4
5/23/2018,6:29:22,6:37:16,-0.135792343,-0.208117277,0.149832236,200,15
5/23/2018,6:44:22,6:48:16,-0.355728485,0.12841479,-0.253385945,200,4
5/23/2018,6:48:22,6:52:16,-0.41071252,-0.126198287,-0.094542419,200,4
5/23/2018,6:52:24,6:55:16,0.21060708,0.017713452,0.149832236,300,3
5/23/2018,6:55:24,6:58:16,-0.300744449,0.316607064,-0.204511014,300,3
5/23/2018,6:58:24,7:01:16,-0.061563895,0.050923853,-0.00901129,300,3
5/23/2018,7:01:25,7:05:18,-0.229265203,-0.148338555,-0.241167212,280,4
5/23/2018,7:05:25,7:09:18,-0.113798729,-0.245755732,0.137613504,280,4
5/23/2018,7:09:25,7:13:18,-0.207271589,-0.207010264,-0.204511014,280,4
5/23/2018,7:13:25,7:17:18,0.053902579,-0.183762983,-0.00901129,280,4
5/23/2018,7:17:24,7:21:18,-0.385969704,-0.19926117,-0.43422319,200,4
5/23/2018,7:21:24,7:25:18,-0.2237668,-0.173799862,-0.314479609,200,4
5/23/2018,7:25:24,7:29:18,-0.179779571,-0.126198287,-0.302260876,200,4
5/23/2018,7:29:24,7:33:18,-0.561918618,-0.137268421,-0.398788865,200,4
5/23/2018,7:33:24,7:37:18,-0.39421731,-0.137268421,-0.389013879,200,4
5/23/2018,7:37:25,7:41:18,0.540511293,-0.048707351,0.039863642,280,4
5/23/2018,7:41:25,7:45:18,-0.163284361,-0.037637217,-0.192292281,280,4
5/23/2018,7:45:25,7:49:18,-0.243011212,-0.230257544,-0.216729747,280,4
5/23/2018,7:49:24,7:57:18,-0.380471301,0.006643318,-0.265604678,200,15
5/23/2018,8:04:24,8:08:18,-0.62789946,-0.115128153,-0.487985614,200,4
5/23/2018,8:08:24,8:12:18,-0.575664627,-0.170478822,-0.462326275,200,4
5/23/2018,8:12:24,8:16:18,-0.45744895,-0.301106401,-0.474545008,200,4
5/23/2018,8:16:24,8:20:18,0.499273267,-0.431733979,-0.392679499,200,4
5/23/2018,8:20:24,8:24:18,-0.344731678,-0.349814989,-0.503869967,200,4
5/23/2018,8:24:24,8:32:18,-0.286998441,-0.573431692,-0.326698342,200,15
5/23/2018,8:39:24,8:43:18,1.689677634,-0.478228541,-0.374351399,200,4
5/23/2018,8:43:24,8:47:18,-0.616902653,-0.596678972,-0.610172942,200,4
5/23/2018,8:47:24,8:51:18,-0.468445758,-0.473800488,-0.517310573,200,4
5/23/2018,8:51:24,8:55:18,-0.388718906,-0.435055019,-0.467213768,200,4
5/23/2018,8:55:24,8:59:18,-0.762610347,-0.551291424,-0.588179223,200,4
5/23/2018,8:59:24,9:07:18,-0.484940968,-0.680811989,-0.57962611,200,15
5/23/2018,9:14:24,9:18:18,-0.276001633,-0.562361558,-0.632166661,200,4
5/23/2018,9:18:24,9:22:18,-0.391468108,-0.54022129,-0.364576413,200,4
5/23/2018,9:22:24,9:26:18,-0.548172609,-0.644280548,-0.716475917,200,4
5/23/2018,9:26:24,9:30:18,-0.443702942,-0.582287799,-0.826444512,200,4
5/23/2018,9:30:24,9:34:18,-0.523429793,-0.623247293,-0.856991344,200,4
5/23/2018,9:34:24,9:42:18,-0.199023984,-0.750553832,-0.885094429,200,15
5/23/2018,9:49:24,9:53:18,-0.39421731,-0.647601588,-0.880206936,200,4
5/23/2018,9:53:24,10:01:18,-0.691131101,-0.752767859,-0.696925945,200,30
5/23/2018,10:23:24,10:27:18,-0.548172609,-0.771587086,-1.013391123,200,4
5/23/2018,10:31:30,10:35:24,-0.702127908,-0.738376685,-0.964516192,200,4
5/23/2018,10:35:30,10:39:24,-0.48769017,-0.767159033,-1.125803465,200,4
5/23/2018,10:39:30,10:47:24,-0.721372321,-0.928782986,-0.977956798,200,30
5/23/2018,11:09:32,11:13:26,-0.56466782,-0.988561708,-1.190562749,200,4
5/23/2018,11:13:32,11:21:26,-0.889073629,-0.994096775,-1.064709801,200,30
5/23/2018,11:43:32,11:47:26,-0.842337199,-0.988561708,-1.344518781,200,4
5/23/2018,11:47:32,11:51:26,-0.273252432,-1.006273922,-1.274872005,200,4
5/23/2018,12:00:06,12:02:00,-1.144749394,-0.902214665,-1.3665125,200,2
5/23/2018,12:02:06,12:04:06,-0.985295691,-0.914391812,-1.405612445,200,2
5/23/2018,12:04:06,12:06:00,-1.087016156,-0.908856745,-1.357959388,200,2
5/23/2018,12:06:06,12:08:00,-0.8450864,-0.9631004,-1.285868864,200,2
5/23/2018,12:08:06,12:10:06,-1.287982806,-0.988561708,-1.376287487,200,2
5/23/2018,12:10:06,12:12:00,-1.073270148,-0.95977936,-1.240659553,200,2
5/23/2018,12:12:06,12:14:00,-1.172241411,-0.945388186,-1.371399994,200,2
5/23/2018,12:14:06,12:16:06,-0.517931389,-0.958672347,-1.403168699,200,2
5/23/2018,12:16:06,12:18:00,-0.996292498,-0.942067146,-1.398281206,200,2
5/23/2018,12:18:06,12:20:00,-1.155746201,-0.942067146,-1.388506219,200,2
5/23/2018,12:20:06,12:22:06,-0.836838795,-0.952030267,-1.350628148,200,2
5/23/2018,12:22:06,12:24:00,-0.754362742,-0.917712852,-1.390949966,200,2
5/23/2018,12:24:06,12:26:00,-1.09251456,-0.938746106,-1.401946826,200,2
5/23/2018,12:26:06,12:28:06,-0.537175802,-1.004059895,-1.372621867,200,2
5/23/2018,12:28:06,12:30:00,-0.78185476,-0.981919628,-1.333521922,200,2
5/23/2018,12:30:06,12:32:00,-1.018286112,-0.961993387,-1.375065613,200,2
5/23/2018,12:32:06,12:34:06,-0.56466782,-0.945388186,-1.404390572,200,2
5/23/2018,12:34:06,12:36:00,-0.853334006,-1.006273922,-1.392171839,200,2
5/23/2018,12:36:06,12:38:00,-1.221452123,-1.007380936,-1.428828038,200,2
5/23/2018,12:38:06,12:40:06,-1.202482631,-0.996310802,-1.38117498,200,2
5/23/2018,12:40:06,12:42:00,-1.109009771,-1.069373685,-1.404390572,200,2
5/23/2018,12:42:06,12:44:00,-0.861581611,-1.014023016,-1.401946826,200,2
5/23/2018,12:44:06,12:46:06,-1.26269015,-0.994096775,-1.458397371,200,2
5/23/2018,12:46:06,12:48:00,-1.273961877,-0.990775735,-1.431271784,200,2
5/23/2018,12:48:06,12:50:00,-1.291006928,-0.971956507,-1.450455195,200,2
5/23/2018,12:50:06,12:52:06,-1.172241411,-1.074908752,-1.422718671,200,2
5/23/2018,12:52:06,12:54:00,-1.258841267,-0.990775735,-1.440558021,200,2
5/23/2018,12:54:06,12:56:00,-0.10005272,-1.001845869,-1.392171839,200,2
5/23/2018,13:05:00,13:07:52,-0.880826023,-1.108119153,-1.359181261,300,3
5/23/2018,13:08:00,13:10:52,-0.017576667,-1.085978885,-1.320081316,300,3
5/23/2018,13:11:00,13:13:52,0.073146992,-1.124724354,-1.312750076,300,3
5/23/2018,13:13:58,13:21:52,-0.358477687,-1.143543581,-1.379953107,200,30
5/23/2018,13:43:58,13:47:52,-0.141290747,-1.118082273,-1.356737514,200,4
5/23/2018,13:47:58,13:51:52,-1.155746201,-1.097049019,-1.31030633,200,4
5/23/2018,13:51:58,13:59:52,-1.180489017,-1.145698782,-1.316415696,200,30
5/23/2018,14:21:58,14:25:52,-0.133043141,-1.107012139,-1.382396853,200,4
5/23/2018,14:25:58,14:33:52,-1.194235026,-1.140222541,-1.23210644,200,30
5/23/2018,14:55:58,14:59:52,0.521266881,-1.051661471,-1.375065613,200,4
5/23/2018,14:59:58,15:07:52,-0.575664627,-1.081550832,-1.309084456,200,30
5/23/2018,15:30:00,15:33:54,-0.850584804,-1.049447444,-1.331078175,200,4
5/23/2018,15:34:00,15:41:54,-0.163284361,-1.062731604,-1.135578451,200,30
5/23/2018,16:04:00,16:07:54,-0.820343584,-0.883395437,-1.266318892,200,4
5/23/2018,16:08:00,16:15:54,-1.205781673,-0.924354932,-1.190562749,200,30
5/23/2018,16:38:00,16:41:54,-1.120006578,-0.86457621,-1.186897129,200,4
5/23/2018,16:42:00,16:49:54,-0.380471301,-0.812546581,-0.880206936,200,30
5/23/2018,17:12:00,17:15:54,-0.73511833,-0.663099775,-1.138022198,200,4
5/23/2018,17:16:00,17:23:54,-0.17703037,-0.728413564,-0.783678947,200,30
5/23/2018,17:46:00,17:49:54,-0.550921811,-0.674169909,-0.957184953,200,4
5/23/2018,17:50:00,17:53:54,-0.75161354,-0.637638467,-0.73236027,200,4
5/23/2018,17:54:00,18:01:54,-0.451950547,-0.769373059,-0.674932226,200,30
5/23/2018,18:24:00,18:27:54,-0.091805115,0.183765459,-0.35968892,200,4
5/23/2018,18:28:00,18:31:54,-0.633397864,0.21697586,-0.57229487,200,4
5/23/2018,18:32:00,18:35:54,-0.036821079,0.12841479,-0.634610407,200,4
5/23/2018,18:36:00,18:39:54,-0.630648662,0.117344656,-0.555188644,200,4
5/23/2018,18:40:00,18:43:54,-0.388718906,0.228045994,-0.51242308,200,4
5/23/2018,18:44:00,18:51:54,0.180365861,-0.037637217,-0.36335454,200,15
5/23/2018,18:59:00,19:02:54,-0.479442565,-0.104058019,-0.585735476,200,4
5/23/2018,19:03:00,19:06:54,-0.229265203,0.03985372,-0.615060435,200,4
5/23/2018,19:07:00,19:10:54,-0.267754028,-0.070847618,-0.626057295,200,4
5/23/2018,19:11:00,19:14:54,0.166619852,-0.070847618,-0.43055757,200,4
5/23/2018,19:15:05,19:17:54,0.760447435,0.405168134,-0.021230022,450,3
5/23/2018,19:18:05,19:20:54,-0.330985669,0.261256395,0.003207443,450,3
5/23/2018,19:21:05,19:23:54,-0.344731678,0.261256395,-0.180073548,450,3
5/23/2018,19:24:04,19:28:54,-0.256757221,0.095204389,0.003207443,400,5
5/23/2018,19:29:04,19:33:54,-0.407963319,0.050923853,-0.106761152,400,5
5/23/2018,19:34:04,19:38:54,2.34948606,-0.037637217,-0.033448755,400,5
5/23/2018,19:39:04,19:43:54,-0.396966511,-0.059777484,-0.204511014,400,5
5/23/2018,19:44:04,19:48:54,2.596914219,-0.754981885,0.027644909,400,5
5/23/2018,19:49:04,19:53:54,0.073146992,-0.788192287,0.003207443,400,5
5/23/2018,19:54:04,19:58:54,-0.188027177,-0.77933618,0.088738573,400,5
5/23/2018,19:59:04,20:03:54,1.332281404,-0.609963133,0.149832236,400,5
5/23/2018,20:04:04,20:08:54,1.359773422,0.183765459,0.2109259,400,5
5/23/2018,20:09:04,20:13:54,0.067648588,0.139484924,0.198707168,400,5
5/23/2018,20:14:04,20:18:54,-0.02307507,-0.247969759,0.149832236,400,5
5/23/2018,20:19:04,20:21:56,3.586626858,0.117344656,-0.204511014,300,3
5/23/2018,20:22:04,20:24:56,-0.45744895,0.073064121,-0.204511014,300,3
5/23/2018,20:25:04,20:27:56,1.304789386,-0.015496949,-0.241167212,300,3
5/23/2018,20:28:02,20:35:56,1.098599253,-0.126198287,-0.314479609,200,15
5/23/2018,20:43:05,20:45:56,0.543260495,0.073064121,-0.082323686,360,3
5/23/2018,20:46:05,20:48:56,1.051862823,0.03985372,-0.070104953,360,3
5/23/2018,20:49:05,20:51:56,2.129549918,0.061993987,-0.326698342,360,3
5/23/2018,20:52:06,20:56:56,-0.45744895,-0.201475197,-0.057886221,400,5
5/23/2018,20:57:06,21:01:56,3.009294485,-0.115128153,0.052082374,400,5
5/23/2018,21:02:06,21:06:56,1.192072113,-0.070847618,0.247582099,400,5
5/23/2018,21:07:06,21:11:56,1.909613776,-0.189298049,0.052082374,400,5
5/23/2018,21:12:06,21:16:56,0.455286038,-0.015496949,0.015426176,400,5
5/23/2018,21:17:06,21:21:56,0.749450628,-0.203689223,-0.167854816,400,5
5/23/2018,21:22:06,21:26:56,0.386555994,-0.188191036,0.064301107,400,5
5/23/2018,21:27:06,21:31:56,0.053902579,-0.148338555,0.027644909,400,5
5/23/2018,21:32:06,21:36:56,0.04015657,-0.29778536,0.027644909,400,5
5/23/2018,21:37:06,21:41:56,0.842923488,0.006643318,0.064301107,400,5
5/23/2018,21:42:06,21:46:56,2.239517989,-0.148338555,0.125394771,400,5
5/23/2018,21:47:06,21:51:56,2.294502024,-0.104058019,0.259800831,400,5
5/23/2018,21:52:06,21:56:56,-0.135792343,-0.137268421,0.2109259,400,5
5/23/2018,21:57:06,21:59:58,0.086893001,0.194835593,-0.057886221,300,3
5/24/2018,6:02:51,6:05:40,-1.037530525,-0.255718852,-0.87409757,450,3
5/24/2018,6:05:51,6:08:40,-0.729619926,-0.449446193,-0.71769779,450,3
5/24/2018,6:08:51,6:11:40,-0.831340392,-0.397416564,-0.606507322,450,3
5/24/2018,6:11:52,6:16:42,0.370060783,-0.603321053,-0.771460215,400,5
5/24/2018,6:16:52,6:21:42,-0.58116303,-0.590036892,-0.464770022,400,5
5/24/2018,6:21:52,6:26:42,-0.572915425,-0.580073772,-0.407341978,400,5
5/24/2018,6:26:52,6:31:42,-0.344731678,-0.650922628,-0.290042143,400,5
5/24/2018,6:31:48,6:39:42,-0.476693363,-0.813653594,-0.513644953,200,15
5/24/2018,6:46:51,6:49:42,-0.39421731,-0.412914752,-0.402454485,360,3
5/24/2018,6:49:51,6:52:42,-0.314490458,-0.334316802,-0.131198617,360,3
5/24/2018,6:52:51,6:55:42,-0.075309904,-0.440590086,-0.241167212,360,3
5/24/2018,6:55:52,7:00:42,-0.473944161,-0.538007263,-0.204511014,400,5
5/24/2018,7:00:52,7:05:42,-0.199023984,-0.104058019,-0.131198617,400,5
5/24/2018,7:05:52,7:10:42,-0.515182188,-0.081917752,-0.106761152,400,5
5/24/2018,7:10:52,7:15:42,-0.2237668,-0.137268421,-0.131198617,400,5
5/24/2018,7:15:52,7:20:42,-0.042319483,-0.69409615,0.003207443,400,5
5/24/2018,7:20:52,7:25:42,-0.265004826,-0.750553832,0.223144633,400,5
5/24/2018,7:25:52,7:30:42,-0.276001633,-0.77933618,0.052082374,400,5
5/24/2018,7:30:52,7:35:42,-0.135792343,-0.649815615,0.333113228,400,5
5/24/2018,7:35:52,7:40:42,-0.144039948,0.471588937,0.29645703,400,5
5/24/2018,7:40:50,7:43:42,0.089642202,0.371957733,-0.070104953,300,3
5/24/2018,7:50:10,7:52:00,-0.286998441,0.836903351,-0.290042143,400,2
5/24/2018,7:52:10,7:54:10,0.36456238,0.814763084,-0.180073548,400,2
5/24/2018,7:54:10,7:56:00,-0.207271589,0.748342281,-0.155636083,400,2
5/24/2018,7:56:10,7:58:00,0.433292424,0.560150007,-0.192292281,400,2
5/24/2018,7:58:10,8:00:10,-0.355728485,0.571220141,-0.302260876,400,2
5/24/2018,8:00:10,8:02:00,-0.311741256,0.438378536,-0.302260876,400,2
5/24/2018,8:02:10,8:04:00,-0.413461722,0.670851345,-0.358467047,400,2
5/24/2018,8:04:10,8:06:10,-0.443702942,0.549079873,-0.442776303,400,2
5/24/2018,8:06:10,8:08:00,0.293083134,0.80369295,-0.216729747,400,2
5/24/2018,8:08:10,8:10:00,-0.443702942,0.748342281,-0.314479609,400,2
5/24/2018,8:10:10,8:12:10,-0.138541545,0.416238268,-0.131198617,400,2
5/24/2018,8:12:10,8:14:00,-0.358477687,0.62657081,-0.37068578,400,2
5/24/2018,8:14:10,8:16:00,-0.374972897,0.571220141,-0.302260876,400,2
5/24/2018,8:16:10,8:18:10,-0.130293939,0.438378536,0.088738573,400,2
5/24/2018,8:18:10,8:20:00,-0.138541545,0.792622816,-0.35968892,400,2
5/24/2018,8:20:10,8:22:00,-0.122046334,0.726202014,-0.241167212,400,2
5/24/2018,8:22:10,8:24:10,-0.196274782,0.659781211,-0.277823411,400,2
5/24/2018,8:24:10,8:26:00,-0.166033562,0.560150007,-0.082323686,400,2
5/24/2018,8:26:10,8:28:00,-0.237512809,0.582290275,0.015426176,400,2
5/24/2018,8:28:10,8:30:10,-0.34748088,0.571220141,-0.216729747,400,2
5/24/2018,8:30:10,8:32:00,-0.039570281,0.670851345,-0.094542419,400,2
5/24/2018,8:32:10,8:34:00,-0.119297132,0.582290275,-0.045667488,400,2
5/24/2018,8:34:10,8:36:10,0.416797213,0.493729204,-0.033448755,400,2
5/24/2018,8:36:10,8:38:00,-0.341982476,0.515869472,-0.021230022,400,2
5/24/2018,8:38:10,8:40:00,-0.218268396,0.670851345,-0.070104953,400,2
5/24/2018,8:40:10,8:42:10,-0.48769017,0.471588937,-0.216729747,400,2
5/24/2018,8:42:10,8:44:00,-0.105551123,0.637640944,0.149832236,400,2
5/24/2018,8:44:10,8:46:00,-0.322738064,0.327677198,-0.180073548,400,2
5/24/2018,8:46:10,8:48:10,-0.243011212,0.460518803,-0.192292281,400,2
5/24/2018,8:48:10,8:50:00,-0.462947354,0.604430542,-0.155636083,400,2
5/24/2018,8:50:10,8:52:00,0.064899386,0.637640944,0.162050969,400,2
5/24/2018,8:52:10,8:54:10,-0.41071252,0.394098,-0.398788865,400,2
5/24/2018,8:54:10,8:56:00,-0.078059106,0.172695325,-0.131198617,400,2
5/24/2018,8:56:10,8:58:00,0.037407369,0.03985372,0.186488435,400,2
5/24/2018,8:58:10,9:00:10,-0.152287554,0.604430542,-0.106761152,400,2
5/24/2018,9:00:10,9:02:00,-0.102801922,0.194835593,0.186488435,400,2
5/24/2018,9:02:10,9:04:00,0.081394597,0.017713452,-0.00901129,400,2
5/24/2018,9:04:10,9:06:10,-0.108300325,0.073064121,-0.021230022,400,2
5/24/2018,9:06:10,9:08:00,-0.221017598,-0.104058019,-0.180073548,400,2
5/24/2018,9:08:10,9:10:00,-0.034071877,0.371957733,-0.00901129,400,2
5/24/2018,9:10:10,9:12:10,-0.135792343,-0.126198287,0.052082374,400,2
5/24/2018,9:12:10,9:14:00,-0.341982476,0.327677198,-0.070104953,400,2
5/24/2018,9:14:10,9:16:00,-0.545423407,-0.104058019,-0.204511014,400,2
5/24/2018,9:16:10,9:18:10,-0.432706134,-0.247969759,-0.380460766,400,2
5/24/2018,9:18:10,9:20:00,0.04015657,-0.037637217,-0.167854816,400,2
5/24/2018,9:20:10,9:22:00,-0.262255625,-0.104058019,-0.180073548,400,2
5/24/2018,9:22:10,9:24:10,-0.02307507,-0.059777484,-0.277823411,400,2
5/24/2018,9:24:10,9:26:00,0.130880229,-0.059777484,-0.070104953,400,2
5/24/2018,9:26:10,9:28:00,-0.072560702,-0.126198287,-0.118979885,400,2
5/24/2018,9:28:10,9:30:10,-0.163284361,-0.126198287,-0.342582694,400,2
5/24/2018,9:30:10,9:32:00,-0.311741256,-0.410700725,-0.464770022,400,2
5/24/2018,9:32:10,9:34:00,-0.641645469,-0.104058019,-0.502648094,400,2
5/24/2018,9:34:10,9:36:10,0.213356282,-0.255718852,-0.468435642,400,2
5/24/2018,9:36:10,9:38:00,-0.0698115,-0.512545956,-0.00901129,400,2
5/24/2018,9:38:10,9:40:00,-0.352979283,-0.747232792,-0.277823411,400,2
5/24/2018,9:40:10,9:42:10,-0.149538352,-0.70738031,-0.277823411,400,2
5/24/2018,9:42:10,9:44:00,-0.556420214,-0.556826491,-0.448885669,400,2
5/24/2018,9:44:10,9:46:00,0.114385018,-0.521402063,-0.228948479,400,2
5/24/2018,9:46:10,9:48:10,-0.630648662,-0.617712227,-0.535638672,400,2
5/24/2018,9:48:10,9:50:00,-0.355728485,-0.761623966,-0.591844843,400,2
5/24/2018,9:50:10,9:52:00,-0.636147066,-0.681919003,-0.535638672,400,2
5/24/2018,9:52:10,9:54:10,-0.41071252,-0.717343431,-0.479432501,400,2
5/24/2018,9:54:10,9:56:00,-0.229265203,-0.531365183,0.003207443,400,2
5/24/2018,9:56:10,9:58:00,-0.168782764,-0.433948006,0.162050969,400,2
5/24/2018,9:58:10,10:00:10,-0.05331629,-0.387453444,0.272019564,400,2
5/24/2018,10:00:10,10:02:00,0.045654974,-0.35977811,0.443081823,400,2
5/24/2018,10:02:10,10:04:00,-0.028573474,-0.522509076,0.308675762,400,2
5/24/2018,10:04:10,10:06:10,0.502022468,-0.261253919,0.675237746,400,2
5/24/2018,10:06:10,10:08:00,-0.086306711,-0.354243043,0.235363366,400,2
5/24/2018,10:08:10,10:10:00,0.004416947,-0.386346431,0.149832236,400,2
5/24/2018,10:10:10,10:12:10,0.268340318,-0.432840993,0.381988159,400,2
5/24/2018,10:12:10,10:14:00,-0.149538352,-0.583394812,0.198707168,400,2
5/24/2018,10:14:10,10:16:00,0.11713422,-0.352029016,0.357550694,400,2
5/24/2018,10:35:37,10:38:26,0.119883422,-0.921033892,0.711893944,450,3
5/24/2018,10:38:37,10:41:26,15.54565457,-0.894465571,8.971757297,450,3
5/24/2018,10:41:37,10:44:26,0.414048012,-0.913284798,1.041799729,450,3
5/24/2018,10:44:40,10:46:26,0.2408483,0.006643318,1.054018462,600,2
5/24/2018,10:46:40,10:48:40,0.36456238,0.084134255,1.127330858,600,2
5/24/2018,10:48:40,10:50:26,0.10063901,0.394098,0.748550142,600,2
5/24/2018,10:50:40,10:52:26,0.697215794,0.205905726,0.797425073,600,2
5/24/2018,10:52:40,10:54:26,0.196861072,-0.161622715,0.736331409,600,2
5/24/2018,10:54:38,10:56:26,1.137088078,-0.179334929,0.504175487,500,2
5/24/2018,10:56:38,10:58:26,0.196861072,-0.221401437,0.174269702,500,2
5/24/2018,10:58:38,11:00:26,0.141877036,-0.940960133,-0.591844843,500,2
5/24/2018,11:00:38,11:03:26,0.150124641,-1.026200163,-0.290042143,520,3
5/24/2018,11:03:36,11:08:26,-0.413461722,-1.108119153,-0.648051014,400,5
5/24/2018,11:08:36,11:13:26,-0.265004826,-1.004059895,-0.14341735,400,5
5/24/2018,11:13:36,11:18:26,-0.652642276,-1.12693838,-0.50875746,400,5
5/24/2018,11:18:36,11:23:26,-0.600407443,-1.177775801,-0.938856853,400,5
5/24/2018,11:23:36,11:28:26,-0.201773186,-1.174333395,-0.984066165,400,5
5/24/2018,11:28:34,11:36:28,0.870415506,-1.199784237,-1.217443961,200,15
5/24/2018,11:43:37,11:46:28,-0.70487711,-1.148720349,-1.081816027,360,3
5/24/2018,11:46:37,11:49:28,-0.14678915,-1.141329554,-1.051269195,360,3
5/24/2018,11:49:37,11:52:28,-0.930311655,-1.154863839,-1.236993933,360,3
5/24/2018,11:52:38,11:57:28,-1.070520946,-1.153123472,-1.136800324,400,5
5/24/2018,11:57:34,12:05:28,-0.900070436,-1.195112121,-1.293200104,200,30
5/24/2018,12:27:38,12:32:28,-1.073270148,-1.175174408,-1.211334594,400,5
5/24/2018,12:32:38,12:37:28,-0.036821079,-1.184680819,-1.186897129,400,5
5/24/2018,12:37:38,12:42:28,-0.861581611,-1.172757429,-1.16123779,400,5
5/24/2018,12:42:34,12:50:28,0.625736548,-1.189646372,-1.204003355,200,30
5/24/2018,13:12:40,13:17:30,-1.158495403,-1.173519693,-1.274872005,400,5
5/24/2018,13:17:40,13:22:30,-1.114508174,-1.19185065,-1.283425118,400,5
5/24/2018,13:22:40,13:27:30,-0.897321234,-1.177192299,-1.183231509,400,5
5/24/2018,13:57:38,14:02:28,-0.322738064,-1.122510327,-1.247990793,400,5
5/24/2018,14:02:38,14:07:28,-1.032032121,-1.097049019,-1.230884567,400,5
5/24/2018,14:07:34,14:15:28,-0.377722099,-1.114761233,-1.142909691,200,30
5/24/2018,14:37:38,14:42:28,-0.531677398,-0.852399063,-0.514866826,400,5
5/24/2018,14:42:38,14:47:28,-0.688381899,-0.980812614,-0.552744898,400,5
5/24/2018,14:47:38,14:52:28,-0.182528773,-0.961993387,-0.414673218,400,5
5/24/2018,14:52:34,15:00:28,-0.369474494,-1.039484323,-0.5160887,200,30
5/24/2018,15:22:38,15:27:28,-0.243011212,-1.118082273,-1.124581592,400,5
5/24/2018,15:27:38,15:32:28,-0.883575225,-1.074908752,-1.139244071,400,5
5/24/2018,15:32:38,15:37:28,-0.908318041,-1.092620966,-1.129469085,400,5
5/24/2018,15:37:34,15:45:28,-0.468445758,-1.060517578,-1.234550187,200,30
5/24/2018,16:07:40,16:12:30,-0.163284361,-0.948709226,-1.112362859,400,5
5/24/2018,16:12:40,16:17:30,-0.718623119,-0.913284798,-0.804450793,400,5
5/24/2018,16:17:40,16:22:30,-0.817594383,-0.95313728,-0.811782033,400,5
5/24/2018,16:22:36,16:30:30,-0.894572032,-0.977491574,-0.997506771,200,30
5/24/2018,16:52:42,16:57:32,-0.702127908,-0.833579835,-0.802007046,400,5
5/24/2018,16:57:42,17:02:32,-0.550921811,-0.819188661,-0.547857405,400,5
5/24/2018,17:02:42,17:07:32,-0.160535159,-0.852399063,-0.494094981,400,5
5/24/2018,17:07:42,17:12:32,-0.273252432,-0.756088899,-0.484319994,400,5
5/24/2018,17:12:42,17:17:32,-0.762610347,-0.738376685,-0.578404237,400,5
5/24/2018,17:17:42,17:22:32,-0.732369128,-0.737269671,-0.652938507,400,5
5/24/2018,17:22:42,17:27:32,-0.350230081,-0.611070146,-0.4977606,400,5
5/24/2018,17:27:42,17:32:32,-0.592159837,-0.680811989,-0.351135807,400,5
5/24/2018,17:32:42,17:37:32,-0.171531966,-0.531365183,-0.450107543,400,5
5/24/2018,17:42:38,17:45:30,-0.152287554,-0.658671722,-0.384126386,300,3
5/24/2018,17:45:38,17:48:30,-0.152287554,-0.658671722,-0.228948479,300,3
5/24/2018,17:48:38,17:51:30,-0.383220503,-0.709594337,-0.131198617,300,3
5/24/2018,17:51:38,17:54:38,-0.292496844,-0.600000013,-0.033448755,300,3
5/24/2018,17:54:38,17:57:30,0.139127834,-0.665313802,-0.045667488,300,3
5/24/2018,17:57:41,18:00:30,0.084143799,-0.580073772,0.284238297,450,3
5/24/2018,18:00:41,18:03:30,0.276587923,-0.54022129,0.479738021,450,3
5/24/2018,18:03:41,18:06:30,0.029159763,-0.601107026,0.455300556,450,3
5/24/2018,18:06:41,18:09:30,0.862167901,-0.619926253,0.491956754,450,3
5/24/2018,18:09:41,18:12:30,0.414048012,-0.590036892,0.553050418,450,3
5/24/2018,18:12:42,18:15:30,0.103388211,-0.501475822,0.687456478,520,3
5/24/2018,18:15:42,18:18:42,-0.080808308,-0.583394812,0.467519289,520,3
5/24/2018,18:18:42,18:21:30,0.07039779,-0.488191661,0.858518737,520,3
5/24/2018,18:21:42,18:24:42,0.10063901,-0.655350681,0.809643806,520,3
5/24/2018,18:24:42,18:27:30,0.221603888,-0.70738031,0.663019013,520,3
5/24/2018,18:27:42,18:30:30,0.392054397,-0.661992762,0.760768875,520,3
5/24/2018,18:30:40,18:32:30,0.21060708,-0.447232166,0.43086309,400,2
5/24/2018,18:32:36,18:40:30,-0.396966511,-0.593357932,0.308675762,200,15
5/24/2018,18:47:39,18:50:30,-0.443702942,-0.081917752,-0.167854816,360,3
5/24/2018,18:50:39,18:53:30,-0.396966511,0.073064121,-0.180073548,360,3
5/24/2018,18:53:39,18:56:30,-0.190776378,0.294466796,-0.131198617,360,3
5/24/2018,18:56:38,18:59:30,1.167329297,0.272326529,-0.118979885,300,3
5/24/2018,18:59:38,19:02:30,-0.237512809,0.327677198,-0.228948479,300,3
5/24/2018,19:02:38,19:05:30,-0.421709327,0.12841479,-0.167854816,300,3
5/24/2018,19:05:39,19:08:30,-0.366725292,0.21697586,0.015426176,360,3
5/24/2018,19:08:39,19:11:30,0.067648588,0.316607064,0.027644909,360,3
5/24/2018,19:11:39,19:14:30,2.34948606,0.383027867,0.027644909,360,3
5/24/2018,19:14:39,19:17:30,-0.251258817,0.62657081,0.088738573,360,3
5/24/2018,19:17:39,19:20:30,2.651898255,0.549079873,-0.033448755,360,3
5/24/2018,19:20:41,19:23:30,0.213356282,0.593360408,0.259800831,450,3
5/24/2018,19:23:41,19:26:30,0.103388211,0.526939606,0.223144633,450,3
5/24/2018,19:26:41,19:29:30,-0.245760414,0.593360408,0.198707168,450,3
5/24/2018,19:29:41,19:32:30,0.906155129,0.648711077,0.29645703,450,3
5/24/2018,19:32:41,19:35:30,1.469741493,0.383027867,0.357550694,450,3
5/24/2018,19:35:42,19:38:30,-0.163284361,0.692991612,0.406425625,520,3
5/24/2018,19:38:42,19:41:30,0.073146992,0.604430542,0.51639422,520,3
5/24/2018,19:41:42,19:44:30,-0.157785957,0.250186261,0.2109259,520,3
5/24/2018,19:44:39,19:47:30,-0.476693363,4.578608568,-0.622391675,360,3
5/24/2018,19:47:39,19:50:30,1.772153688,0.183765459,0.259800831,360,3
5/24/2018,19:50:39,19:53:30,-0.061563895,0.03985372,0.149832236,360,3
5/24/2018,19:53:42,19:56:30,-0.009329061,0.405168134,0.259800831,520,3
5/24/2018,19:56:42,19:59:30,0.293083134,0.250186261,0.43086309,520,3
5/24/2018,19:59:42,20:02:30,0.048404176,0.316607064,0.638581547,520,3
5/24/2018,20:02:39,20:05:30,-0.251258817,0.294466796,0.07651984,360,3
5/24/2018,20:05:39,20:08:30,0.180365861,-0.104058019,0.29645703,360,3
5/24/2018,20:08:39,20:11:30,0.908904331,0.250186261,0.369769426,360,3
5/24/2018,20:11:42,20:14:30,-0.303493651,0.371957733,0.235363366,520,3
5/24/2018,20:14:42,20:17:30,1.266300561,0.150555057,0.675237746,520,3
5/24/2018,20:17:42,20:20:30,3.531642822,0.228045994,0.308675762,520,3
5/24/2018,20:20:41,20:23:30,-0.339233274,0.172695325,0.43086309,450,3
5/24/2018,20:23:36,20:31:30,-0.498686977,-0.290036267,0.125394771,200,15
5/24/2018,20:38:39,20:41:30,0.7054634,0.028783586,0.027644909,360,3
5/24/2018,20:41:39,20:44:30,-0.330985669,0.03985372,0.039863642,360,3
5/24/2018,20:44:39,20:47:30,-0.149538352,0.239116128,0.07651984,360,3
5/24/2018,20:47:39,20:50:30,-0.050567088,-0.150552581,0.100957305,360,3
5/24/2018,20:50:41,20:53:30,0.842923488,0.03985372,0.455300556,450,3
5/24/2018,20:53:41,20:56:30,-0.226516001,0.017713452,0.443081823,450,3
5/24/2018,20:56:41,20:59:30,0.227102291,0.338747332,0.394206892,450,3
5/24/2018,20:59:42,21:02:42,-0.380471301,0.371957733,0.284238297,520,3
5/24/2018,21:02:42,21:05:30,-0.105551123,8.630277529,-0.408563851,520,3
5/24/2018,21:05:42,21:08:30,1.106846858,0.272326529,0.174269702,520,3
5/24/2018,21:08:38,21:11:30,-0.451950547,0.416238268,0.027644909,300,3
5/24/2018,21:11:40,21:16:30,0.342568766,-0.126198287,0.247582099,400,5
5/24/2018,21:16:40,21:21:30,2.376978078,0.172695325,0.528612952,400,5
5/24/2018,21:21:40,21:26:30,-0.229265203,-0.004426815,0.43086309,400,5
5/24/2018,21:26:39,21:29:30,2.431962113,0.515869472,0.369769426,360,3
5/24/2018,21:29:39,21:32:30,-0.350230081,0.482659071,0.198707168,360,3
5/24/2018,21:32:39,21:35:39,0.886910717,0.205905726,0.235363366,360,3
5/24/2018,21:35:39,21:38:30,0.02366136,7.999279904,-0.045667488,360,3
5/24/2018,21:38:42,21:41:30,-0.02307507,0.482659071,0.137613504,520,3
5/24/2018,21:41:42,21:44:30,-0.276001633,0.460518803,0.748550142,520,3
5/24/2018,21:44:42,21:47:30,0.009915351,0.53800974,0.65080028,520,3
5/24/2018,21:47:42,21:50:30,0.111635817,0.582290275,0.65080028,520,3
5/24/2018,21:50:42,21:53:30,0.130880229,0.814763084,0.589706616,520,3
5/24/2018,21:53:40,21:56:30,-0.341982476,0.416238268,0.149832236,400,3
5/24/2018,21:56:40,21:59:30,-0.443702942,0.394098,0.174269702,400,3
5/24/2018,21:59:40,22:02:30,-1.394651835,0.272326529,-1.517291663,400,3
5/24/2018,22:02:40,22:05:30,-1.390253112,-0.092987886,-1.512526357,400,3
5/24/2018,22:05:40,22:08:40,-1.265989192,-0.026567083,-1.457175498,400,3
5/24/2018,22:08:40,22:11:30,-1.422968613,0.261256395,-1.554485485,400,3
5/24/2018,22:11:40,22:14:30,-1.43396542,-0.222508451,-1.526211338,400,3
5/24/2018,22:14:40,22:17:30,-1.416095609,-0.235792611,-1.483934522,400,3
5/24/2018,22:17:40,22:20:30,-1.392177553,-0.156087648,-1.456442374,400,3
5/24/2018,22:20:40,22:23:30,-1.41884481,-0.004426815,-1.498474814,400,3
5/24/2018,22:23:40,22:26:30,-1.429016857,-0.070847618,-1.51240417,400,3
5/24/2018,22:26:40,22:29:30,-1.349564926,-0.148338555,-1.499818875,400,3
5/24/2018,22:29:40,22:32:30,-1.410872125,-0.191512076,-1.513992605,400,3
5/24/2018,22:32:40,22:35:30,-1.420494332,-0.20922429,-1.486622644,400,3
5/24/2018,22:35:40,22:38:30,-1.407298163,-0.015496949,-1.513381668,400,3
5/24/2018,22:38:40,22:41:30,-1.41856989,-0.048707351,-1.533298203,400,3
5/24/2018,22:41:40,22:44:30,-1.429841618,-0.104058019,-1.511182296,400,3
5/24/2018,22:44:40,22:47:30,-1.413621327,0.073064121,-1.540873817,400,3
5/24/2018,22:47:40,22:50:30,-1.424068294,-0.092987886,-1.517780412,400,3
5/24/2018,22:50:40,22:53:30,-1.399050558,-0.137268421,-1.510082611,400,3
5/24/2018,22:53:40,22:56:30,-1.427642256,-0.397416564,-1.420274925,400,3
5/24/2018,22:56:40,22:59:30,-1.427092416,-0.333209789,-1.494320445,400,3
5/24/2018,22:59:40,23:02:30,-1.43396542,-0.254611839,-1.517780412,400,3
5/24/2018,23:02:40,23:05:30,-1.428192097,-0.137268421,-1.495175757,400,3
5/24/2018,23:05:40,23:08:30,-1.41747021,-0.148338555,-1.495664506,400,3
5/24/2018,23:08:40,23:11:30,-1.419944491,-0.402951631,-1.507150115,400,3
5/24/2018,23:11:40,23:14:30,-1.425442895,-0.137268421,-1.509593861,400,3
5/24/2018,23:14:40,23:17:30,-1.425717815,-0.137268421,-1.491998886,400,3
5/24/2018,23:17:40,23:20:30,-1.404274041,-0.29446432,-1.499207938,400,3
5/24/2018,23:20:40,23:23:30,-1.120006578,-0.229150531,-1.51191542,400,3
5/24/2018,23:23:40,23:26:30,-1.360011893,-0.158301675,-1.459619244,400,3
5/24/2018,23:26:40,23:29:30,-1.429566697,-0.2845012,-1.495297944,400,3
5/24/2018,23:29:40,23:32:30,-1.412521646,-0.070847618,-1.495542319,400,3
5/24/2018,23:32:40,23:35:30,-1.422968613,0.006643318,-1.509471674,400,3
5/24/2018,23:35:40,23:38:30,-1.404823881,-0.126198287,-1.472815476,400,3
5/24/2018,23:38:40,23:41:30,-1.422968613,-0.070847618,-1.480024528,400,3
5/24/2018,23:41:40,23:44:30,-1.427092416,-0.126198287,-1.509105112,400,3
5/24/2018,23:44:40,23:47:30,-1.155746201,-0.037637217,-1.49273201,400,3
5/24/2018,23:47:40,23:50:30,-1.289907247,-0.189298049,-1.47122704,400,3
5/24/2018,23:50:40,23:53:30,-1.428467017,-0.324353682,-1.488944203,400,3
5/24/2018,23:53:40,23:56:30,-1.411421966,-0.344279922,-1.462307365,400,3
5/25/2018,6:02:57,6:05:48,-0.792851567,-0.210331304,-0.838663245,360,3
5/25/2018,6:05:57,6:08:48,-0.776356356,0.03985372,-0.683485339,360,3
5/25/2018,6:08:57,6:11:48,-0.790102365,-0.329888748,-0.453773162,360,3
5/25/2018,6:11:58,6:16:48,-0.638896267,-0.490405688,-0.241167212,400,5
5/25/2018,6:16:58,6:21:48,-0.509683784,-0.585608839,-0.118979885,400,5
5/25/2018,6:21:58,6:26:48,-0.102801922,-0.567896625,0.186488435,400,5
5/25/2018,6:26:58,6:31:48,-0.017576667,-0.565682598,0.113176038,400,5
5/25/2018,6:31:58,6:36:48,-0.133043141,-0.545756357,0.259800831,400,5
5/25/2018,6:36:56,6:39:48,-0.297995248,-0.44501814,-0.14341735,300,3
5/25/2018,6:39:56,6:42:48,0.606492136,-0.308855494,-0.00901129,300,3
5/25/2018,6:42:56,6:45:48,-0.135792343,-0.318818615,-0.00901129,300,3
5/25/2018,6:45:59,6:48:48,-0.014827465,-0.387453444,0.235363366,450,3
5/25/2018,6:48:59,6:51:48,-0.182528773,0.526939606,0.65080028,450,3
5/25/2018,6:51:59,6:54:48,-0.135792343,0.726202014,0.320894495,450,3
5/25/2018,6:54:59,6:57:48,0.356314774,0.62657081,0.320894495,450,3
5/25/2018,6:58:00,7:00:48,0.196861072,0.692991612,0.724112677,520,3
5/25/2018,7:01:00,7:03:48,0.128131027,0.53800974,0.736331409,520,3
5/25/2018,7:04:00,7:06:48,0.221603888,0.371957733,0.87073747,520,3
5/25/2018,7:07:00,7:09:48,0.130880229,0.405168134,0.931831134,520,3
5/25/2018,7:09:58,7:11:48,-0.133043141,1.058306027,-0.155636083,400,2
5/25/2018,7:11:58,7:13:58,0.122632624,1.157937231,0.29645703,400,2
5/25/2018,7:13:58,7:15:48,0.034658167,1.036165759,0.528612952,400,2
5/25/2018,7:15:58,7:17:48,0.177616659,0.881183887,0.479738021,400,2
5/25/2018,7:18:00,7:20:00,0.485527258,1.323989238,0.992924798,500,2
5/25/2018,7:20:00,7:21:48,0.683469785,1.80000499,1.054018462,500,2
5/25/2018,7:22:00,7:23:48,0.265591116,2.032477799,0.919612401,500,2
5/25/2018,7:24:02,7:26:02,1.49723351,2.087828468,1.054018462,600,2
5/25/2018,7:26:02,7:27:48,1.799645705,2.608124756,0.956268599,600,2
5/25/2018,7:28:02,7:29:48,0.622987346,2.56384422,0.968487332,600,2
5/25/2018,7:30:02,7:32:02,0.323324353,2.442072749,1.017362263,600,2
5/25/2018,7:32:02,7:33:48,0.144626238,2.121038869,3.571077412,600,2
5/25/2018,7:34:02,7:35:48,0.14737544,2.098898602,0.956268599,600,2
5/25/2018,7:36:02,7:38:02,0.370060783,3.504805591,0.772987608,600,2
5/25/2018,7:38:02,7:39:48,0.205108677,3.416244521,0.65080028,600,2
5/25/2018,7:40:02,7:41:48,0.133629431,2.574914354,0.724112677,600,2
5/25/2018,7:42:00,7:44:00,-0.025824272,2.685615692,0.394206892,500,2
5/25/2018,7:44:00,7:45:48,0.452536836,2.873807966,1.078455927,500,2
5/25/2018,7:46:00,7:47:48,-1.364135695,0.526939606,-1.493953883,500,2
5/25/2018,7:48:00,7:50:00,-1.393827074,0.338747332,-1.532931641,500,2
5/25/2018,7:50:00,7:51:48,-1.471904405,#VALUE!,-1.560790352,500,2
5/25/2018,7:52:00,7:53:48,-0.715873917,0.239116128,-1.536108511,500,2
5/25/2018,7:54:00,7:56:00,2.267010007,0.228045994,-1.529021646,500,2
5/25/2018,7:56:00,7:57:48,-1.392727394,0.338747332,-1.545028186,500,2
5/25/2018,7:59:04,8:06:58,2.486946149,0.117344656,0.43086309,200,15
5/25/2018,8:14:08,8:18:58,0.111635817,0.095204389,0.834081272,400,5
5/25/2018,8:19:08,8:23:58,0.119883422,-0.037637217,0.858518737,400,5
5/25/2018,8:24:08,8:28:58,0.293083134,-0.150552581,0.821862539,400,5
5/25/2018,8:29:11,8:32:00,0.086893001,0.327677198,0.760768875,450,3
5/25/2018,8:32:11,8:35:00,0.452536836,0.172695325,0.699675211,450,3
5/25/2018,8:35:11,8:38:00,0.422295617,0.261256395,0.614144082,450,3
5/25/2018,8:38:10,8:40:00,-0.036821079,0.726202014,0.284238297,400,2
5/25/2018,8:40:10,8:42:00,0.026410562,0.870113753,0.394206892,400,2
5/25/2018,8:42:10,8:44:10,0.180365861,0.847973485,0.528612952,400,2
5/25/2018,8:44:10,8:46:00,0.449787635,2.718826093,1.628298902,400,2
5/25/2018,8:46:22,8:48:10,0.056651781,1.645023117,0.601925349,500,2
5/25/2018,8:48:22,8:50:22,0.323324353,0.969744957,0.565269151,500,2
5/25/2018,8:50:22,8:52:10,0.141877036,1.534321779,0.601925349,500,2
5/25/2018,8:52:22,8:54:10,0.119883422,1.434690575,0.65080028,500,2
5/25/2018,8:54:22,8:56:10,0.139127834,1.146867097,0.504175487,500,2
5/25/2018,8:56:24,8:58:10,-1.471904405,#VALUE!,-1.560790352,600,2
5/25/2018,8:58:24,9:00:10,0.185864264,1.97712713,0.797425073,600,2
5/25/2018,9:00:24,9:02:10,0.31782595,1.589672448,0.992924798,600,2
5/25/2018,9:17:20,9:19:08,-0.056065492,1.766794589,0.443081823,500,2
5/25/2018,9:19:20,9:21:08,0.666974575,1.257568435,0.626362815,500,2
5/25/2018,9:21:20,9:23:20,0.260092712,1.744654321,0.785206341,500,2
5/25/2018,9:23:20,9:25:08,0.026410562,1.899636194,0.406425625,500,2
5/25/2018,9:25:20,9:27:08,0.056651781,1.323989238,0.186488435,500,2
5/25/2018,9:27:22,9:29:22,-0.308992055,2.47528315,0.149832236,600,2
5/25/2018,9:29:22,9:31:08,0.227102291,1.71144392,0.223144633,600,2
5/25/2018,9:31:22,9:33:08,-0.001081456,1.766794589,0.43086309,600,2
5/25/2018,9:33:17,9:36:08,-0.155036755,0.084134255,0.162050969,360,3
5/25/2018,9:36:17,9:39:08,-0.14678915,-0.015496949,0.039863642,360,3
5/25/2018,9:39:17,9:42:08,-0.094554316,-0.026567083,0.29645703,360,3
5/25/2018,9:42:19,9:45:08,0.056651781,-0.78597826,0.577487883,450,3
5/25/2018,9:45:19,9:48:08,0.375559187,-0.851292049,0.406425625,450,3
5/25/2018,9:48:19,9:51:08,0.051153378,-0.849078023,0.663019013,450,3
5/25/2018,9:51:22,9:54:10,0.515768477,-0.764945006,0.821862539,520,3
5/25/2018,9:54:22,9:57:10,0.546009697,-0.70738031,0.846300004,520,3
5/25/2018,9:57:22,10:00:10,0.345317967,-0.753874872,0.87073747,520,3
5/25/2018,10:00:20,10:02:20,0.191362668,-0.360885123,0.137613504,400,2
5/25/2018,10:02:20,10:04:10,0.367311581,-0.253504825,0.504175487,400,2
5/25/2018,10:04:20,10:06:10,0.136378633,-0.264574959,0.443081823,400,2
5/25/2018,10:06:22,10:08:22,0.441540029,-0.162729728,0.43086309,500,2
5/25/2018,10:08:22,10:10:10,0.298581537,0.316607064,0.663019013,500,2
5/25/2018,10:10:22,10:12:10,0.59824453,0.172695325,0.504175487,500,2
5/25/2018,10:12:22,10:14:22,0.119883422,-0.257932879,0.553050418,500,2
5/25/2018,10:14:22,10:16:10,3.641610893,0.228045994,0.259800831,500,2
5/25/2018,10:16:22,10:18:10,-0.042319483,0.073064121,0.43086309,500,2
5/25/2018,10:18:24,10:20:24,-0.045068684,-0.015496949,0.687456478,600,2
5/25/2018,10:20:24,10:22:10,0.337070362,0.449448669,0.772987608,600,2
5/25/2018,10:22:24,10:24:10,0.04015657,-0.234685598,0.29645703,600,2
5/25/2018,10:24:22,10:27:10,0.213356282,-0.851292049,0.858518737,520,3
5/25/2018,10:27:22,10:30:10,0.073146992,-0.669741855,0.663019013,520,3
5/25/2018,10:30:22,10:33:10,0.103388211,-0.759409939,0.565269151,520,3
5/25/2018,10:33:22,10:36:10,-0.012078263,-0.756088899,0.455300556,520,3
5/25/2018,10:36:22,10:39:10,0.554257302,-0.835793862,0.858518737,520,3
5/25/2018,10:39:21,10:42:10,0.273838721,-0.860148156,0.528612952,450,3
5/25/2018,10:42:21,10:45:10,-0.119297132,-0.932104026,0.308675762,450,3
5/25/2018,10:45:21,10:48:10,0.188613466,-0.883395437,0.589706616,450,3
5/25/2018,10:48:21,10:51:10,0.11713422,-0.942067146,0.528612952,450,3
5/25/2018,10:51:16,10:59:10,-0.614153452,-1.010701976,-0.389013879,200,15
5/25/2018,11:06:19,11:09:10,-0.358477687,-0.773801113,-0.348692061,360,3
5/25/2018,11:09:19,11:12:10,-0.330985669,-0.769373059,-0.057886221,360,3
5/25/2018,11:12:19,11:15:10,-0.204522387,-0.686347056,-0.118979885,360,3
5/25/2018,11:15:18,11:18:10,-0.493188573,-0.846863996,-0.340138948,300,3
